slug,name,entity_type,status,country,city,latitude,longitude,last_verified,primary_source_count,primary_source_urls,meta_description
abu-dhabi-aviation,Abu Dhabi Aviation,operator,operational,UAE,Abu Dhabi,24.4332,54.6511,2026-05-20,3,https://investors.archer.com/news/news-details/2025/Archers-Midnight-Showcases-In-Country-eVTOL-Flight-Test-Campaign-in-UAE-as-Part-of-Its-Commercial-Launch-Edition-Program/default.aspx | https://investors.archer.com/news/news-details/2025/Archer-Secures-Design-Approval-For-UAEs-First-Hybrid-Heliport-Paving-The-Way-For-Commercial-Air-Taxi-Service-In-Abu-Dhabi/default.aspx | https://www.thenationalnews.com/business/aviation/2025/11/11/abu-dhabi-to-build-10-vertiports-for-air-taxis/,Abu Dhabi Aviation (ADA) is the named eVTOL operating partner under Archer Aviation's UAE Launch Edition definitive agreement. Group CEO Mahmood Al Hameli. First Launch Edition payments flowing Nov 2025.
abu-dhabi-cruise-terminal-vertiport,Abu Dhabi Cruise Terminal Hybrid Heliport,vertiport,design_approved,UAE,Abu Dhabi,24.5111,54.376,2026-05-20,3,https://investors.archer.com/news/news-details/2025/Archer-Secures-Design-Approval-For-UAEs-First-Hybrid-Heliport-Paving-The-Way-For-Commercial-Air-Taxi-Service-In-Abu-Dhabi/default.aspx | https://www.thenationalnews.com/business/aviation/2025/11/11/abu-dhabi-to-build-10-vertiports-for-air-taxis/ | https://www.thenationalnews.com/business/aviation/2025/11/03/uae-air-taxi-certification-to-be-completed-by-third-quarter-of-next-year-regulator-says/,"GCAA design approval announced 23 April 2025. UAE's first hybrid heliport, converting an existing helipad to dual heliport/vertiport use. Partnership between Archer Aviation, Falcon Aviation Services, and Abu Dhabi Aviation."
abu-dhabi-dmt,Abu Dhabi Department of Municipalities and Transport (DMT),regulator,operational,UAE,Abu Dhabi,24.4539,54.3773,2026-04-30,5,https://www.dmt.gov.ae/en | https://www.dmt.gov.ae/en/adm | https://www.dmt.gov.ae/en/Media-Centre/News/Accelerates-Smart-Transport | https://investors.archer.com/news/news-details/2024/Abu-Dhabi-and-Archer-Announce-Agreement-With-Cross-Industry-Stakeholders-To-Launch-First-Commercial-Electric-Air-Taxi-Flights/default.aspx | https://www.openstreetmap.org/?mlat=24.4539&mlon=54.3773,"Abu Dhabi DMT, established by Law No. 30 of 2019, oversees urban planning and transport in the emirate via affiliates including Abu Dhabi Mobility (ITC)."
abu-dhabi-network-route-1,Abu Dhabi Network — Route 1 (Abu Dhabi ↔ Dubai),route,announced,UAE,Abu Dhabi,24.7136,54.7531,2026-05-01,4,https://investors.archer.com/news/news-details/2024/Archer-and-Falcon-Aviation-to-Jointly-Develop-Vertiport-Network-in-Dubai-and-Abu-Dhabi-for-the-Launch-of-Flying-Car-Operations-in-UAE-as-Soon-as-2025/ | https://www.falconaviation.ae/2024/03/12/archer-aviation-and-falcon-aviation-are-to-jointly-develop-a-vertiport-network-in-dubai-and-abu-dhabi | https://investors.archer.com/news/news-details/2025/Archers-Midnight-Showcases-In-Country-eVTOL-Flight-Test-Campaign-in-UAE-as-Part-of-Its-Commercial-Launch-Edition-Program/default.aspx | https://investors.archer.com/news/news-details/2025/Cleveland-Clinic-Abu-Dhabi-Unveils-Plans-for-UAEs-First-Hospital-Based-Vertiport-in-Partnership-With-Archer-Aviation/default.aspx,"Archer Aviation and Falcon Aviation plan Abu Dhabi to Dubai eVTOL route: Marina Mall heliport (Corniche) to Falcon Heliport at Atlantis the Palm, ~30 minutes."
abu-dhabi-network-route-2,Abu Dhabi Network — Route 2,route,announced,UAE,Abu Dhabi,,,2026-04-30,3,https://www.zawya.com/en/press-release/companies-news/abu-dhabi-investment-office-announces-launch-of-vertiport-network-to-activate-air-taxi-operations-qrwifajq | https://investors.archer.com/news/news-details/2024/Abu-Dhabi-and-Archer-Announce-Agreement-With-Cross-Industry-Stakeholders-To-Launch-First-Commercial-Electric-Air-Taxi-Flights/default.aspx | https://www.investors.archer.com/news/news-details/2025/Archer-Unveils-Midnight-Launch-Edition-Commercialization-Program-with-Abu-Dhabi-Aviation-ADA-As-First-Customer-Planning-to-Deploy-Midnight-This-Year/default.aspx,Abu Dhabi Network Route 2 is the second corridor in the emirate 10+ vertiport plan. Endpoints not yet published; AUH and AZI confirmed as first anchors.
adio-abu-dhabi,Abu Dhabi Investment Office (ADIO),regulator,operational,UAE,Abu Dhabi,24.4674,54.3667,2026-05-20,3,https://investors.archer.com/news/news-details/2025/Archers-Midnight-Showcases-In-Country-eVTOL-Flight-Test-Campaign-in-UAE-as-Part-of-Its-Commercial-Launch-Edition-Program/default.aspx | https://www.thenationalnews.com/business/aviation/2025/11/11/abu-dhabi-to-build-10-vertiports-for-air-taxis/ | https://investors.archer.com/news/news-details/2025/Archer-Secures-Design-Approval-For-UAEs-First-Hybrid-Heliport-Paving-The-Way-For-Commercial-Air-Taxi-Service-In-Abu-Dhabi/default.aspx,The Abu Dhabi Investment Office (ADIO) is the strategic government counterparty for Archer Aviation's UAE Launch Edition. Director General Badr Al-Olama. Framework agreement signed 25 April 2024 at DRIFTx.
al-bateen-vertiport,Al Bateen Executive Airport (AZI) Vertiport,vertiport,under_construction,UAE,Abu Dhabi,24.4283,54.4581,2026-05-20,3,https://www.thenationalnews.com/business/aviation/2025/11/11/abu-dhabi-to-build-10-vertiports-for-air-taxis/ | https://investors.archer.com/news/news-details/2025/Archer-Secures-Design-Approval-For-UAEs-First-Hybrid-Heliport-Paving-The-Way-For-Commercial-Air-Taxi-Service-In-Abu-Dhabi/default.aspx | https://www.thenationalnews.com/business/aviation/2025/11/03/uae-air-taxi-certification-to-be-completed-by-third-quarter-of-next-year-regulator-says/,Al Bateen Executive Airport (AZI) Vertiport is under construction as the second foundational node of Abu Dhabi's 10-vertiport network. Site of Archer Midnight's first Abu Dhabi flight on 2 July 2025.
al-maktoum-international-vertiport,Al Maktoum International Airport Vertiport (DWC),vertiport,announced,UAE,Dubai,24.8967,55.1614,2026-05-01,3,https://ir.jobyaviation.com/news-events/press-releases/detail/87/joby-to-launch-air-taxi-service-in-uae | https://ir.jobyaviation.com/news-events/press-releases/detail/162/dubai-air-taxi-network-takes-flight-joby-completes | https://www.rta.ae/wps/portal/rta/ae/home/news-and-media/all-news/NewsDetails/successful-first-crewed-electric-aerial-taxi-flight,Al Maktoum International Airport (DWC) was the landing site of the UAE's first piloted eVTOL flight on 9 November 2025. A formal vertiport is not confirmed by primary sources.
american-university-of-dubai-vertiport,American University of Dubai Vertiport,vertiport,planned,UAE,Dubai,25.0985,55.1625,2026-05-01,5,https://ir.jobyaviation.com/news-events/press-releases/detail/87/joby-to-launch-air-taxi-service-in-uae | https://ir.jobyaviation.com/news-events/press-releases/detail/162/dubai-air-taxi-network-takes-flight-joby-completes | https://skyports.net/worlds-first-commercial-vertiport-dxv-reaches-topping-out-construction-milestone/ | https://skyports.net/worlds-first-commercial-vertiport-technical-completion/ | https://www.rta.ae/wps/portal/rta/ae/home/news-and-media/all-news/NewsDetails/successful-first-crewed-electric-aerial-taxi-flight,"American University of Dubai Vertiport, announced 17 November 2025 by Joby and the RTA. Wasl Asset Management Group is the property partner. Launching 2026."
archer-aviation-abu-dhabi,Archer Aviation — Abu Dhabi,operator,announced,UAE,Abu Dhabi,24.4539,54.3773,2026-05-01,8,https://news.archer.com/archer--abu-dhabi-investment-office-announce-plan-to-launch-archers-all-electric-air-taxi-service-across-the-uae | https://investors.archer.com/news/news-details/2024/Archer-Signs-Framework-Agreement-For-Multi-Hundred-Million-Dollars-To-Accelerate-Commercial-Air-Taxi-Operations-Across-UAE/ | https://news.archer.com/archer-and-falcon-aviation-to-jointly-develop-vertiport-network-in-dubai-and-abu-dhabi-for-the-launch-of-flying-car-operations-in-uae-as-soon-as-2025 | https://investors.archer.com/news/news-details/2024/Abu-Dhabi-and-Archer-Announce-Agreement-With-Cross-Industry-Stakeholders-To-Launch-First-Commercial-Electric-Air-Taxi-Flights/default.aspx | https://www.investors.archer.com/news/news-details/2025/Archer-Unveils-Midnight-Launch-Edition-Commercialization-Program-with-Abu-Dhabi-Aviation-ADA-As-First-Customer-Planning-to-Deploy-Midnight-This-Year/default.aspx | https://news.archer.com/archer-begins-test-flights-in-abu-dhabi | https://investors.archer.com/news/news-details/2025/Cleveland-Clinic-Abu-Dhabi-Unveils-Plans-for-UAEs-First-Hospital-Based-Vertiport-in-Partnership-With-Archer-Aviation/default.aspx | https://investors.archer.com/news/news-details/2025/Archers-Midnight-Showcases-In-Country-eVTOL-Flight-Test-Campaign-in-UAE-as-Part-of-Its-Commercial-Launch-Edition-Program/default.aspx,"Archer Aviation's Abu Dhabi launch programme: Midnight eVTOL, ADIO and Abu Dhabi Aviation partnership, vertiport network, GCAA certification status."
archer-midnight-abu-dhabi,Archer Midnight (Abu Dhabi),aircraft,trial_only,UAE,Abu Dhabi,,,2026-05-01,4,https://investors.archer.com/news/news-details/2022/Archer-Unveils-its-Production-Aircraft-Midnight/default.aspx | https://www.investors.archer.com/news/news-details/2025/Archer-Unveils-Midnight-Launch-Edition-Commercialization-Program-with-Abu-Dhabi-Aviation-ADA-As-First-Customer-Planning-to-Deploy-Midnight-This-Year/default.aspx | https://investors.archer.com/news/news-details/2025/Archer-Begins-Test-Flights-in-Abu-Dhabi/default.aspx | https://investors.archer.com/news/news-details/2025/Archers-Midnight-Showcases-In-Country-eVTOL-Flight-Test-Campaign-in-UAE-as-Part-of-Its-Commercial-Launch-Edition-Program/default.aspx,"Archer Aviation Midnight in Abu Dhabi: first UAE flight 2 July 2025 at Al Bateen, full eVTOL envelope completed November 2025 with Abu Dhabi Aviation."
archer-midnight-uae-launch-edition,Archer Midnight — UAE Launch Edition Flight Test Campaign,aircraft,trial_only,UAE,Abu Dhabi,24.4283,54.4581,2026-05-20,2,https://investors.archer.com/news/news-details/2025/Archers-Midnight-Showcases-In-Country-eVTOL-Flight-Test-Campaign-in-UAE-as-Part-of-Its-Commercial-Launch-Edition-Program/default.aspx | https://www.ainonline.com/aviation-news/futureflight/2025-07-02/archer-flies-midnight-evtol-prototype-abu-dhabi,Archer Aviation's Midnight eVTOL completed in-country UAE flight test campaign culminating 14 November 2025. Full-envelope desert testing as part of the Launch Edition program with Abu Dhabi Aviation.
atlantis-the-royal-vertiport,Atlantis The Royal Vertiport,vertiport,announced,UAE,Dubai,,,2026-05-01,6,https://ir.jobyaviation.com/news-events/press-releases/detail/87/joby-to-launch-air-taxi-service-in-uae | https://ir.jobyaviation.com/news-events/press-releases/detail/162/dubai-air-taxi-network-takes-flight-joby-completes | https://www.rta.ae/wps/portal/rta/ae/home/news-and-media/all-news/NewsDetails/successful-first-crewed-electric-aerial-taxi-flight | https://skyports.net/worlds-first-commercial-vertiport-dxv-reaches-topping-out-construction-milestone/ | https://skyports.net/skyports-infrastructure-2025-wrapped/ | https://ir.jobyaviation.com/,"Atlantis The Royal Vertiport, Palm Jumeirah node of Dubai's eVTOL network announced 17 November 2025. Joby Aviation, RTA, Skyports - status and sources."
did-not-make-the-cut,Did Not Make The Cut: 13 Entities We Cut,answer,operational,,,,,2026-05-20,1,internal,"We cut 13 candidate eVTOL entities from the Arab-world database because they failed our contracted/built/flight-tested/regulated bar. Honest disclosure of what was considered and rejected, with primary sources."
dubai-future-foundation,Dubai Future Foundation,regulator,operational,UAE,Dubai,25.2174,55.2796,2026-05-01,6,https://www.dubaifuture.gov.ae/about-dff/ | https://www.dubaifuture.ae/reach-us | https://www.dubaifuture.ae/dubai-future-foundation/hamdan-bin-mohammed-launches-dubai-programme-to-enable-drone-transportation/ | https://www.dubaifuture.ae/bvlos-drone-delivery-program | https://www.dubaifuture.ae/latest-news/dubai-future-labs-signs-with-uae-tech-company-eanan-at-dubai-airshow-to-boost-drone-rd/ | https://www.dubaifuture.ae/dubai-future-accelerators/dubai-future-accelerators-autonomous-vehicles-and-augmented-reality-future-dubais-transportation/,"Dubai Future Foundation: Dubai Government's foresight authority. Convening role on eVTOL via Dubai Self-Driving Strategy, drone programme, accelerator cohorts."
dubai-mall-vertiport,Dubai Mall Vertiport,vertiport,planned,UAE,Dubai,25.1972,55.2796,2026-05-01,5,https://ir.jobyaviation.com/news-events/press-releases/detail/87/joby-to-launch-air-taxi-service-in-uae | https://ir.jobyaviation.com/news-events/press-releases/detail/162/dubai-air-taxi-network-takes-flight-joby-completes | https://skyports.net/worlds-first-commercial-vertiport-dxv-reaches-topping-out-construction-milestone/ | https://skyports.net/worlds-first-commercial-vertiport-technical-completion/ | https://www.rta.ae/wps/portal/rta/ae/home/news-and-media/all-news/NewsDetails/successful-first-crewed-electric-aerial-taxi-flight,"Dubai Mall Vertiport, announced 17 November 2025 by Joby and the RTA, with Emaar Properties as the property partner. Construction set to begin in 2026."
dubai-marina-vertiport,Dubai Marina Vertiport,vertiport,under_construction,UAE,Dubai,25.081,55.1403,2026-05-20,4,https://skyports.net/worlds-first-commercial-vertiport-technical-completion/ | https://ir.jobyaviation.com/news-events/press-releases/detail/87/joby-to-launch-air-taxi-service-in-uae | https://skyports.net/skyports-rta-and-joby-to-launch-air-taxi-service-in-dubai/ | https://www.thenationalnews.com/business/aviation/2025/11/03/uae-air-taxi-certification-to-be-completed-by-third-quarter-of-next-year-regulator-says/,"Dubai Marina Vertiport is the second node of Dubai's eVTOL network. Confirmed under construction by Skyports Infrastructure as of 16 April 2026, under Joby Aviation's exclusive RTA agreement."
dxb-to-dubai-mall,DXB ↔ Dubai Mall,route,planned,UAE,Dubai,25.2336,55.2926,2026-05-01,4,https://ir.jobyaviation.com/news-events/press-releases/detail/162/dubai-air-taxi-network-takes-flight-joby-completes | https://www.jobyaviation.com/news/joby-cements-global-lead-in-air-taxi-industry-with-dubai-flights-and-beginning-of-commercial-market-readiness-work | https://www.jobyaviation.com/news/joby-rta-dubai-agreement | https://www.rta.ae/wps/portal/rta/ae/home/news-and-media/all-news/NewsDetails/successful-first-crewed-electric-aerial-taxi-flight,"Joby Aviation route between DXB and Dubai Mall vertiports, planned for 2026 commercial launch under exclusive RTA agreement. Primary sources verified."
dxb-to-atlantis-the-royal,DXB ↔ Atlantis The Royal,route,planned,UAE,Dubai,25.2076,55.3055,2026-05-01,3,https://ir.jobyaviation.com/news-events/press-releases/detail/162/dubai-air-taxi-network-takes-flight-joby-completes | https://www.jobyaviation.com/news/joby-rta-dubai-agreement | https://ertico.com/rta-and-joby-aviation-complete-first-crewed-electric-aerial-taxi-flight,"Joby Aviation route between DXB and Atlantis The Royal vertiport, Palm Jumeirah: ~10-minute flight planned for 2026 launch under RTA exclusive agreement."
dxb-vertiport,DXB Vertiport,vertiport,certified,UAE,Dubai,25.2532,55.3657,2026-08-03,7,https://skyports.net/post/uae-makes-global-aviation-history-with-certification-worlds-first-purpose-built-commercial-vertiport-skyports-infrastructure | https://skyports.net/worlds-first-commercial-vertiport-technical-completion/ | https://skyports.net/skyports-rta-and-joby-to-launch-air-taxi-service-in-dubai/ | https://ir.jobyaviation.com/news-events/press-releases/detail/162/dubai-air-taxi-network-takes-flight-joby-completes | https://ir.jobyaviation.com/news-events/press-releases/detail/87/joby-to-launch-air-taxi-service-in-uae | https://www.rta.ae/wps/portal/rta/ae/home/news-and-media/all-news/NewsDetails/successful-first-crewed-electric-aerial-taxi-flight | https://www.thenationalnews.com/business/aviation/2025/11/03/uae-air-taxi-certification-to-be-completed-by-third-quarter-of-next-year-regulator-says/,"DXB Vertiport (registered VDX) received UAE GCAA certification on 7 July 2026 — the world's first purpose-built commercial vertiport, developed by Skyports Infrastructure at Dubai International Airport. Certified for eVTOL operations; Joby Aviation passenger service pending launch."
ehang-eh216-s-mecca,EHang EH216-S Mecca Hajj Flight,aircraft,trial_only,Saudi Arabia,Mecca,21.4225,39.8262,2026-05-20,1,https://www.ehang.com/news/1089.html,The EHang EH216-S pilotless eVTOL completed its debut flight in Saudi Arabia on 12 June 2024 during the Hajj season in Mecca. First autonomous eVTOL passenger trial in the Kingdom.
ehang-eh216-s-uae,EHang EH216-S (UAE),aircraft,trial_only,UAE,Abu Dhabi,,,2026-05-01,3,https://www.ehang.com/news/1082.html | https://ir.ehang.com/news-releases/news-release-details/eh216-s-completes-uaes-first-passenger-carrying-demo-flight/ | https://cnevpost.com/2024/05/07/ehang-completes-passenger-carrying-demo-flight-in-uae/,EHang EH216-S in the UAE: completed the Middle East's first passenger-carrying pilotless eVTOL demo flight in Abu Dhabi on 6 May 2024. Specs and milestones.
gaca-saudi-arabia,"General Authority of Civil Aviation (GACA), Saudi Arabia",regulator,operational,Saudi Arabia,Riyadh,24.7136,46.6753,2026-05-20,3,https://gaca.gov.sa/ | https://investors.archer.com/news/news-details/2025/Saudi-Arabias-General-Authority-of-Civil-Aviation-Advances-Archers-Pathway-for-Electric-Air-Taxi-Deployment/default.aspx | https://investors.archer.com/news/news-details/2025/PIFs-The-Helicopter-Company-Archer-Aviation-and-Red-Sea-Global-Partner-to-Launch-eVTOL-Air-Mobility-in-Saudi-Arabia/default.aspx,"GACA published the Advanced Air Mobility Roadmap in January 2024. Issued Special Flight Authorization for Volocopter NEOM flight 21 June 2023. Signed MoUs with Lilium, Joby, Archer."
gcaa-uae,General Civil Aviation Authority — UAE,regulator,operational,UAE,Abu Dhabi,24.4539,54.3773,2026-05-01,3,https://investors.archer.com/news/news-details/2024/Abu-Dhabi-and-Archer-Announce-Agreement-With-Cross-Industry-Stakeholders-To-Launch-First-Commercial-Electric-Air-Taxi-Flights/default.aspx | https://investors.archer.com/news/news-details/2025/Cleveland-Clinic-Abu-Dhabi-Unveils-Plans-for-UAEs-First-Hospital-Based-Vertiport-in-Partnership-With-Archer-Aviation/default.aspx | https://www.gcaa.gov.ae,"GCAA UAE is the federal civil aviation regulator overseeing eVTOL type certification, vertiport regulations and Air Operator Certificates in the UAE."
gulf-evtol-comparison-uae-vs-qatar,Gulf eVTOL — UAE vs Qatar compared,answer,trial_only,,,25.0746,53.4108,2026-05-01,4,https://investors.archer.com/news/news-details/2024/Archer-and-Falcon-Aviation-to-Jointly-Develop-Vertiport-Network-in-Dubai-and-Abu-Dhabi-for-the-Launch-of-Flying-Car-Operations-in-UAE-as-Soon-as-2025/ | https://ir.ehang.com/news-releases/news-release-details/ehang-eh216-s-conducts-first-urban-human-carrying-pilotless/ | https://www.ehang.com/news/1082.html | https://mot.gov.qa/en/news/prime-minister-launches-ministry-transport-strategy-2025-2030,"Compares the UAE eVTOL programme (Joby S4 piloted, Dubai 2026 launch) and the Qatar eVTOL programme (EHang EH216-S pilotless, Doha trial Nov 2025)."
joby-s4-hybrid-electric,Joby S4 Hybrid-Electric Demonstrator,aircraft,trial_only,UAE,,,,2026-05-01,1,https://www.jobyaviation.com/news/joby-celebrates-first-flight-of-turbine-electric-demonstrator-aircraft,"Joby S4-T hybrid-electric demonstrator: first flight 7 November 2025, Marina California. Defense-focused; no UAE deployment announced. Sources verified."
joby-s4-uae,Joby S4 (UAE Operations),aircraft,trial_only,UAE,Dubai,,,2026-05-01,8,https://ir.jobyaviation.com/news-events/press-releases/detail/87/joby-to-launch-air-taxi-service-in-uae | https://ir.jobyaviation.com/news-events/press-releases/detail/106/joby-applies-to-become-first-certified-electric-air-taxi | https://ir.jobyaviation.com/news-events/press-releases/detail/132/joby-cements-global-lead-in-air-taxi-industry-with-dubai | https://ir.jobyaviation.com/news-events/press-releases/detail/155/joby-adds-to-the-history-of-propeller-blade-manufacturing | https://ir.jobyaviation.com/news-events/press-releases/detail/156/joby-begins-power-on-testing-of-first-conforming-aircraft | https://ir.jobyaviation.com/news-events/press-releases/detail/162/dubai-air-taxi-network-takes-flight-joby-completes | https://ir.jobyaviation.com/news-events/press-releases/detail/164/joby-caps-year-of-flight-demonstrating-global-commercial | https://ir.jobyaviation.com/news-events/press-releases/detail/38/joby-confirms-revolutionary-low-noise-footprint-following,"Joby S4 in UAE service: all-electric eVTOL flown in Dubai since June 2025, first UAE point-to-point flight on 9 November 2025. Specs, milestones, sources."
joby-vs-archer-uae-exclusivity-explained,Joby vs Archer UAE exclusivity — explained,answer,trial_only,UAE,,24.9342,54.8418,2026-05-01,1,https://investors.archer.com/news/news-details/2024/Archer-and-Falcon-Aviation-to-Jointly-Develop-Vertiport-Network-in-Dubai-and-Abu-Dhabi-for-the-Launch-of-Flying-Car-Operations-in-UAE-as-Soon-as-2025/,Joby holds a 6-year exclusive air-taxi agreement with RTA Dubai (Feb 2024). Archer operates from Abu Dhabi via ADIO and Falcon Aviation. How both coexist.
lilium-jet-saudia,Lilium Jet — Saudia Group Sales Agreement,aircraft,orphaned,Saudi Arabia,Jeddah,21.4858,39.1925,2026-05-20,3,https://lilium.com/newsroom-detail/saudia-group-signs-industry-leading-sales-agreement-with-lilium-to-acquire-up-to-100-evtol-jets | https://www.thenationalnews.com/future/technology/2025/02/22/german-air-taxi-developer-lilium-files-for-insolvency-again-after-funding-options-fail/ | https://www.flightglobal.com/aerospace/2026/04/lilium-jets-journey-ends-on-scrapheap-as-prototypes-fail-to-sell/,Saudia and Lilium signed a binding sales agreement on 18 July 2024 for up to 100 Lilium Jets. Lilium filed final insolvency 21 February 2025; prototypes scrapped April 2026. Contract orphaned.
margham-flight-test-facility,Margham Flight Test Facility,vertiport,operational,UAE,Dubai,,,2026-05-01,4,https://ir.jobyaviation.com/news-events/press-releases/detail/132/joby-cements-global-lead-in-air-taxi-industry-with-dubai | https://ir.jobyaviation.com/news-events/press-releases/detail/162/dubai-air-taxi-network-takes-flight-joby-completes | https://ir.jobyaviation.com/news-events/press-releases/detail/164/joby-caps-year-of-flight-demonstrating-global-commercial | https://spectrum.ieee.org/joby-air-taxi,"Joby Aviation's UAE eVTOL flight test site at Margham, Dubai. Site of the first piloted point-to-point eVTOL flight in the UAE on 9 November 2025."
margham-to-al-maktoum,Margham → Al Maktoum International (DWC),route,trial_only,UAE,Dubai,24.9315,55.3475,2026-05-01,3,https://ir.jobyaviation.com/news-events/press-releases/detail/162/dubai-air-taxi-network-takes-flight-joby-completes | https://www.jobyaviation.com/news/joby-rta-dubai-agreement | https://ir.jobyaviation.com/news-events/press-releases/detail/162/dubai-air-taxi-network-takes-flight-joby-completes,Joby flew the UAE's first piloted point-to-point eVTOL route on 9 November 2025: 17 minutes from Margham flight test facility to DWC. Sources verified.
margham-to-dwc,Margham → Al Maktoum International (DWC),route,trial_only,UAE,Dubai,25.2026,55.4022,2026-05-20,2,https://ir.jobyaviation.com/news-events/press-releases/detail/162/dubai-air-taxi-network-takes-flight-joby-completes | https://www.rta.ae/wps/portal/rta/ae/home/news-and-media/all-news/NewsDetails/successful-first-crewed-electric-aerial-taxi-flight,"The Joby S4 completed the first electric-air-taxi point-to-point flight in the UAE on 9 November 2025, flying piloted from Margham to Al Maktoum International (DWC) in 17 minutes."
palm-jumeirah-vertiport,Palm Jumeirah Vertiport at Atlantis the Royal,vertiport,planned,UAE,Dubai,25.1304,55.1166,2026-05-20,4,https://ir.jobyaviation.com/news-events/press-releases/detail/162/dubai-air-taxi-network-takes-flight-joby-completes | https://ir.jobyaviation.com/news-events/press-releases/detail/87/joby-to-launch-air-taxi-service-in-uae | https://skyports.net/worlds-first-commercial-vertiport-technical-completion/ | https://skyports.net/skyports-rta-and-joby-to-launch-air-taxi-service-in-dubai/,"Palm Jumeirah Vertiport at Atlantis the Royal, named by Joby and the RTA on 17 November 2025. Construction set to begin in months following Skyports' 16 April 2026 update."
rta-dubai,Roads and Transport Authority — Dubai,operator,operational,UAE,Dubai,25.2532,55.3657,2026-05-01,8,https://ir.jobyaviation.com/news-events/press-releases/detail/87/joby-to-launch-air-taxi-service-in-uae | https://skyports.net/skyports-rta-and-joby-to-launch-air-taxi-service-in-dubai/ | https://skyports.net/skyports-infrastructures-design-for-vertiports-approved-in-dubai/ | https://skyports.net/skyports-and-rta-break-ground-on-first-vertiport-in-dubai/ | https://www.jobyaviation.com/news/joby-cements-global-lead-in-air-taxi-industry/ | https://ir.jobyaviation.com/news-events/press-releases/detail/162/dubai-air-taxi-network-takes-flight-joby-completes | https://skyports.net/worlds-first-commercial-vertiport-technical-completion/ | https://www.volocopter.com/en/newsroom/volocopter-as-an-autonomous-air-taxi-in-dubai,RTA Dubai oversees the Emirate's eVTOL air-taxi network. Holds 6-year exclusive agreement with Joby (Feb 2024) and Skyports vertiport contract.
skyports-infrastructure,Skyports Infrastructure,operator,operational,UAE,Dubai,25.2532,55.3657,2026-05-01,7,https://skyports.net/skyports-infrastructures-design-for-vertiports-approved-in-dubai/ | https://skyports.net/skyports-rta-and-joby-to-launch-air-taxi-service-in-dubai/ | https://skyports.net/skyports-raises-in-excess-of-110m-in-series-c-round-led-by-new-investment-from-acs/ | https://skyports.net/skyports-and-rta-break-ground-on-first-vertiport-in-dubai/ | https://skyports.net/worlds-first-commercial-vertiport-dxv-reaches-topping-out-construction-milestone/ | https://skyports.net/worlds-first-commercial-vertiport-technical-completion/ | https://ir.jobyaviation.com/news-events/press-releases/detail/162/dubai-air-taxi-network-takes-flight-joby-completes,"Skyports Infrastructure: London-based vertiport developer, exclusive builder of Dubai's Joby/RTA vertiport network. VDX technically complete April 2026."
the-helicopter-company,The Helicopter Company (THC),operator,operational,Saudi Arabia,Riyadh,24.7136,46.6753,2026-05-20,2,https://investors.archer.com/news/news-details/2025/PIFs-The-Helicopter-Company-Archer-Aviation-and-Red-Sea-Global-Partner-to-Launch-eVTOL-Air-Mobility-in-Saudi-Arabia/default.aspx | https://investors.archer.com/news/news-details/2025/Saudi-Arabias-General-Authority-of-Civil-Aviation-Advances-Archers-Pathway-for-Electric-Air-Taxi-Deployment/default.aspx,The Helicopter Company (THC) is a Saudi Public Investment Fund subsidiary. Signed MoUs with Archer Aviation and Joby Aviation in November 2025 for Saudi eVTOL sandbox testing. CEO Captain Arnaud Martinez.
volocopter-neom-historical,Volocopter NEOM Flight & $175M Investment,aircraft,orphaned,Saudi Arabia,NEOM,27.9881,35.1064,2026-05-20,3,https://www.thenationalnews.com/business/technology/2022/11/03/saudi-arabias-neom-invests-175m-in-volocopter/ | https://www.volocopter.com/en/newsroom/volocopter-flies-in-neom | https://www.volocopter.com/en/newsroom/volocopter-files-for-insolvency-in-germany,NEOM invested $175M in Volocopter (Nov 2022) with 15-aircraft order and GACA-authorized flight 21 June 2023. Volocopter filed insolvency 26 Dec 2024; acquired by Wanfeng/Diamond Aircraft March 2025 for €10M.
volocopter-volocity-uae,Volocopter VoloCity (UAE History),aircraft,decommissioned,UAE,Dubai,,,2026-05-01,4,https://www.volocopter.com/en/newsroom/first-ever-public-demonstration-of-an-autonomous-urban-air-taxi | https://www.flightglobal.com/aerospace/volocopter-enters-insolvency-following-cash-shortfall/161247.article | https://www.agbi.com/giga-projects/2024/12/neom-air-taxi-partner-volocopter-files-for-insolvency/ | https://www.aerotime.aero/articles/volocopter-lays-off-its-entire-workforce-as-insolvency-proceedings-go-ahead,Volocopter VoloCity UAE history: world-first autonomous air taxi flight in Dubai 25 September 2017. Programme ended after Volocopter insolvency December 2024.
zayed-international-vertiport,Zayed International (AUH) Vertiport,vertiport,under_construction,UAE,Abu Dhabi,24.4332,54.6511,2026-05-20,3,https://www.thenationalnews.com/business/aviation/2025/11/11/abu-dhabi-to-build-10-vertiports-for-air-taxis/ | https://investors.archer.com/news/news-details/2025/Archer-Secures-Design-Approval-For-UAEs-First-Hybrid-Heliport-Paving-The-Way-For-Commercial-Air-Taxi-Service-In-Abu-Dhabi/default.aspx | https://www.thenationalnews.com/business/aviation/2025/11/03/uae-air-taxi-certification-to-be-completed-by-third-quarter-of-next-year-regulator-says/,"AUH Vertiport at Zayed International Airport is under construction as the first node of Abu Dhabi's 10-vertiport advanced air mobility network. Partnership between Abu Dhabi Airports, Skyports Infrastructure, and ADIO."
beta-technologies,"BETA Technologies, Inc.",operator,under_construction,UAE,Abu Dhabi,24.4283,54.4581,2026-07-28,3,https://investors.beta.team/news-events/press-releases/detail/90/abu-dhabi-airports-selects-beta-technologies-charge-infrastructure-for-emirates-advanced-air-mobility-network | https://www.prnewswire.com/news-releases/in-collaboration-with-strategic-partners-abu-dhabi-investment-office-announces-launch-of-vertiport-network-to-activate-air-taxi-operations-302610240.html | https://beta.team/timeline,"BETA Technologies supplies eVTOL charging hardware to Abu Dhabi Airports. Its first Charge Cube is commissioned at Al Bateen Executive Airport, Abu Dhabi."
eve-air-mobility,Eve Air Mobility,operator,announced,UAE,Dubai,,,2026-07-28,3,https://www.embraer.com/media-center/en/?mediatype=NEWS&detail=23068 | https://ir.eveairmobility.com/news-events/press-releases/detail/106/eve-holding-inc-reports-fourth-quarter-and-fy2025-results | https://ir.eveairmobility.com/news-events/press-releases/detail/115/eve-advances-global-certification-path-for-eve-100,Eve Air Mobility's UAE record: a 2022 Falcon Aviation letter of intent for up to 35 eVTOLs and a 2023 Kookiejar Urban ATM deal. No UAE operations to date.
regent-seaglider,"REGENT Craft, Inc.",operator,planned,UAE,Abu Dhabi,24.4539,54.3773,2026-07-28,10,https://www.regentcraft.com/news/regent-signs-initial-agreement-with-strategic-development-fund-to-set-up-a-joint-venture-for-seaglider-manufacturing-and-services-in-the-uae | https://sdf.ae/news/strategic-development-fund-signs-initial-agreement-with-regent-to-set-up-a-joint-venture-for-seaglider-manufacturing-and-services-in-the-uae/ | https://www.regentcraft.com/news/regent-advances-the-future-of-coastal-transportation-in-abu-dhabi | https://www.regentcraft.com/news/regent-submits-design-basis-agreement-to-u-s-coast-guard-advancing-seaglider-certification | https://www.regentcraft.com/news/regent-begins-sea-trials-of-first-passenger-carrying-seaglider | https://www.regentcraft.com/news/regent-2026-seaglider-test-campaign | https://www.regentcraft.com/news/dubai-airshow-regent-and-dhl-express-sign-agreement-for-sustainable-cargo-logistics | https://www.regentcraft.com/news/regent-to-reveal-the-future-of-maritime-mobility-at-dubai-airshow | https://www.mediaoffice.abudhabi/en/transport/department-of-culture-and-tourism-abu-dhabi-signs-agreement-with-versa-advanced-maritime-services-to-introduce-seaglider-operations-across-emirate-by-2028/ | https://www.globenewswire.com/news-release/2025/01/28/3016721/0/en/ADNOC-L-S-Selects-REGENT-Seagliders-for-Offshore-Energy-Logistics-in-the-UAE.html,"REGENT Craft plans Abu Dhabi seaglider manufacturing with the Strategic Development Fund. Seagliders are maritime wing-in-ground craft, not eVTOL aircraft."
tcab-tech,TCab Tech (Shanghai Time Technology Co.),operator,announced,UAE,,,,2026-07-28,7,https://www.tcabtech.com/en/tcab-tech-autocraft-mou-350-e20-evtol-uae-mena-commercialization/ | https://www.tcabtech.com/en/tcab-tech-autocraft-partnership-e20-evtol/ | https://www.tcabtech.com/en/tcab-tech-launches-air-silk-road-global-pioneer-partnership-to-drive-evtol-globalization/ | https://www.tcabtech.com/en/tcab-tech-successfully-held-the-tct-meeting/ | https://www.tcabtech.com/en/tcab-tech-e20-evtol-successfully-completes-manned-flight-test | https://www.prnewswire.com/news-releases/tcab-tech-e20-evtol-successfully-completes-transition-flight-tests-302631636.html | https://k2.world/aviation/,"TCab Tech's UAE activity is an MoU with Abu Dhabi's Autocraft for up to 350 E20 eVTOLs. No UAE flights, no facility and no GCAA approval are on record."
vertical-aerospace,Vertical Aerospace,operator,orphaned,UAE,,,,2026-07-28,4,https://vertical-aerospace.com/wp-content/uploads/2026/07/20260713-CAA-Update-Press-Release_v2.pdf | https://vertical-aerospace.com/wp-content/uploads/2026/07/20260720-Farnborough-First-Flight-PR_v3.pdf | https://vertical-aerospace.com/wp-content/uploads/2026/04/20260416-Press-Release-VA-Transition-flight_v2-1.pdf | https://vertical-aerospace.com/wp-content/uploads/2025/12/Vertical-Aerospace-unveils-Valo-the-eVTOL-aircraft-set-to-redefine-urban-air-mobility-and-usher-in-a-new-era-of-flight-1.pdf,"UK-based Vertical Aerospace has no documented UAE presence - no order, vertiport or GCAA agreement. Its only Gulf activity is a set of Saudi MoUs from 2026."
vports,VPorts,operator,announced,UAE,Dubai,,,2026-07-28,7,https://vports.com/vports-inks-landmark-agreement-to-create-worlds-first-advanced-air-mobility-integrator-centre-in-dubai/ | https://vports.com/wp-content/uploads/2022/12/Press-release__VPorts_AAM-Integrator-Centre_FINAL-English.pdf | https://mediaoffice.ae/en/news/2022/December/08-12/VPorts-inks-landmark-agreement-to-create-world | https://vports.com/vports-embarks-on-the-certification-process-for-its-vertiports-as-part-of-the-worlds-first-advanced-air-mobility-integrator-centre-in-dubai/ | https://vports.com/vports-to-establish-a-first-vertiport-at-ras-al-khaimah-airport/ | https://vports.com/the-project/overview/ | https://vports.com/news/,"VPorts signed a 2022 agreement with the UAE GCAA and Dubai South for a 37,000 sqm advanced air mobility integrator centre. No primary evidence it was built."
